sep=,
"Input","Match type","Approved symbol","Approved name","HGNC ID","Location"
"TTC40","Previous symbol","CFAP46","cilia and flagella associated protein 46","HGNC:25247","10q26.3"
"C12orf55","Previous symbol","CFAP54","cilia and flagella associated protein 54","HGNC:26456","12q23.1"
"C1orf173","Previous symbol","ERICH3","glutamate rich 3","HGNC:25346","1p31.1"
"RP11-1220K2.2","Unmatched","","","",""
"RP11-1055B8.7","Unmatched","","","",""
"KIAA0947","Previous symbol","ICE1","interactor of little elongation complex ELL subunit 1","HGNC:29154","5p15.32"
"SOGA2","Previous symbol","MTCL1","microtubule crosslinking factor 1","HGNC:29121","18p11.22"
"WDR52","Previous symbol","CFAP44","cilia and flagella associated protein 44","HGNC:25631","3q13.2"
"KIAA1009","Previous symbol","CEP162","centrosomal protein 162","HGNC:21107","6q14.2-q14.3"
"C20orf26","Previous symbol","CFAP61","cilia and flagella associated protein 61","HGNC:15872","20p11.23"
"C20orf112","Previous symbol","NOL4L","nucleolar protein 4 like","HGNC:16106","20q11.21"
"C4orf21","Previous symbol","ZGRF1","zinc finger GRF-type containing 1","HGNC:25654","4q25"
"SGK223","Alias symbol","PRAG1","PEAK1 related, kinase-activating pseudokinase 1","HGNC:25438","8p23.1"
"C10orf112","Previous symbol","MALRD1","MAM and LDL receptor class A domain containing 1","HGNC:24331","10p12.31"
"AQPEP","Alias symbol","LVRN","laeverin","HGNC:26904","5q23.1"
"SCAND3","Previous symbol","ZBED9","zinc finger BED-type containing 9","HGNC:13851","6p22.1"
"KIAA1239","Previous symbol","NWD2","NACHT and WD repeat domain containing 2","HGNC:29229","4p14"
"RP11-766F14.2","Unmatched","","","",""
"KIAA1199","Previous symbol","CEMIP","cell migration inducing hyaluronidase 1","HGNC:29213","15q25.1"
"MLK4","Alias symbol","MAP3K21","mitogen-activated protein kinase kinase kinase 21","HGNC:29798","1q42.2"
"CCDC135","Previous symbol","DRC7","dynein regulatory complex subunit 7","HGNC:25289","16q21"
"WDR96","Previous symbol","CFAP43","cilia and flagella associated protein 43","HGNC:26684","10q25.1"
"AZI1","Previous symbol","CEP131","centrosomal protein 131","HGNC:29511","17q25.3"
"LPPR4","Alias symbol","PLPPR4","phospholipid phosphatase related 4","HGNC:23496","1p21.3-p21.2"
"C10orf137","Previous symbol","EDRF1","erythroid differentiation regulatory factor 1","HGNC:24640","10q26.2"
"PHF17","Previous symbol","JADE1","jade family PHD finger 1","HGNC:30027","4q28.2"
"C7orf63","Previous symbol","CFAP69","cilia and flagella associated protein 69","HGNC:26107","7q21.13"
"JHDM1D","Previous symbol","KDM7A","lysine demethylase 7A","HGNC:22224","7q34"
"MLTK","Alias symbol","MAP3K20","mitogen-activated protein kinase kinase kinase 20","HGNC:17797","2q31.1"
"KIAA1432","Previous symbol","RIC1","RIC1 homolog, RAB6A GEF complex partner 1","HGNC:17686","9p24.1"
"LZTS3","Approved symbol","LZTS3","leucine zipper tumor suppressor family member 3","HGNC:30139","20p13"
"LST3","Alias symbol","SLCO1B7","solute carrier organic anion transporter family member 1B7 (putative)","HGNC:32934","12p12.2"
"RP11-368I7.4","Unmatched","","","",""
"C11orf82","Previous symbol","DDIAS","DNA damage induced apoptosis suppressor","HGNC:26351","11q14.1"
"C1orf65","Previous symbol","CCDC185","coiled-coil domain containing 185","HGNC:26654","1q41"
"CCDC147","Previous symbol","CFAP58","cilia and flagella associated protein 58","HGNC:26676","10q25.1"
"CXXC11","Previous symbol","RTP5","receptor transporter protein 5 (putative)","HGNC:26585","2q37.3"
"CXXC11","Alias symbol","FBXL19","F-box and leucine rich repeat protein 19","HGNC:25300","16p11.2"
"WDR65","Previous symbol","CFAP57","cilia and flagella associated protein 57","HGNC:26485","1p34.2"
"LPPR3","Alias symbol","PLPPR3","phospholipid phosphatase related 3","HGNC:23497","19p13.3"
"PIDD","Previous symbol","PIDD1","p53-induced death domain protein 1","HGNC:16491","11p15.5"
"FAM194A","Previous symbol","ERICH6","glutamate rich 6","HGNC:28602","3q25.1"
"EFCAB4B","Previous symbol","CRACR2A","calcium release activated channel regulator 2A","HGNC:28657","12p13.32"
"NARG2","Previous symbol","ICE2","interactor of little elongation complex ELL subunit 2","HGNC:29885","15q22.2"
"TTC18","Previous symbol","CFAP70","cilia and flagella associated protein 70","HGNC:30726","10q22.2"
"PHF15","Previous symbol","JADE2","jade family PHD finger 2","HGNC:22984","5q31.1"
"AL627309.1","Unmatched","","","",""
"C10orf118","Previous symbol","CCDC186","coiled-coil domain containing 186","HGNC:24349","10q25.3"
"CTD-2207O23.3","Unmatched","","","",""
"PCDP1","Alias symbol","CFAP221","cilia and flagella associated protein 221","HGNC:33720","2q14.2"
"SRCRB4D","Previous symbol","SSC4D","scavenger receptor cysteine rich family member with 4 domains","HGNC:14461","7q11.23"
"C10orf68","Previous symbol","CCDC7","coiled-coil domain containing 7","HGNC:26533","10p11.22"
"CTD-3074O7.11","Unmatched","","","",""
"C17orf66","Previous symbol","HEATR9","HEAT repeat containing 9","HGNC:26548","17q12"
"C9orf96","Previous symbol","STKLD1","serine/threonine kinase like domain containing 1","HGNC:28669","9q34.2"
"HDGFRP2","Alias symbol","HDGFL2","HDGF like 2","HGNC:14680","19p13.3"
"RP11-407N17.3","Unmatched","","","",""
"FAM194B","Previous symbol","ERICH6B","glutamate rich 6B","HGNC:26523","13q14.13"
"RP11-307N16.6","Unmatched","","","",""
"PRMT10","Previous symbol","PRMT9","protein arginine methyltransferase 9","HGNC:25099","4q31.23"
"C11orf35","Previous symbol","LMNTD2","lamin tail domain containing 2","HGNC:28561","11p15.5"
"SELO","Alias symbol","SELENOO","selenoprotein O","HGNC:30395","22q13.33"
"AP003062.1","Unmatched","","","",""
"C14orf166B","Previous symbol","LRRC74A","leucine rich repeat containing 74A","HGNC:23346","14q24.3"
"NIM1","Alias symbol","NIM1K","NIM1 serine/threonine protein kinase","HGNC:28646","5p12"
"BCMO1","Previous symbol","BCO1","beta-carotene oxygenase 1","HGNC:13815","16q23.2"
"C16orf11","Previous symbol","PRR35","proline rich 35","HGNC:14139","16p13.3"
"CTD-3193O13.9","Unmatched","","","",""
"NEURL","Previous symbol","NEURL1","neuralized E3 ubiquitin protein ligase 1","HGNC:7761","10q24.33"
"CCDC41","Previous symbol","CEP83","centrosomal protein 83","HGNC:17966","12q22"
"CTD-2587H24.4","Unmatched","","","",""
"AC004381.6","Unmatched","","","",""
"AC104809.3","Unmatched","","","",""
"C2orf62","Previous symbol","CATIP","ciliogenesis associated TTC17 interacting protein","HGNC:25062","2q35"
"C7orf10","Previous symbol","SUGCT","succinyl-CoA:glutarate-CoA transferase","HGNC:16001","7p14.1"
"CCDC19","Previous symbol","CFAP45","cilia and flagella associated protein 45","HGNC:17229","1q23.2"
"CTC-360G5.8","Unmatched","","","",""
"AC079354.1","Unmatched","","","",""
"FLJ00104","Unmatched","","","",""
"KIAA1984","Previous symbol","CCDC183","coiled-coil domain containing 183","HGNC:28236","9q34.3"
"C2orf53","Previous symbol","PRR30","proline rich 30","HGNC:28677","2p23.3"
"ADC","Previous symbol","AZIN2","antizyme inhibitor 2","HGNC:29957","1p35.1"
"CTD-3088G3.8","Unmatched","","","",""
"MTERF","Previous symbol","MTERF1","mitochondrial transcription termination factor 1","HGNC:21463","7q21.2"
"C1orf172","Previous symbol","KDF1","keratinocyte differentiation factor 1","HGNC:26624","1p36.11"
"CXorf64","Previous symbol","PRR32","proline rich 32","HGNC:34498","Xq25"
"KIAA1430","Previous symbol","CFAP97","cilia and flagella associated protein 97","HGNC:29276","4q35.1"
"PAPL","Alias symbol","ACP7","acid phosphatase 7, tartrate resistant (putative)","HGNC:33781","19q13.2"
"PHF16","Previous symbol","JADE3","jade family PHD finger 3","HGNC:22982","Xp11.3"
"AGAP8","Previous symbol","AGAP4","ArfGAP with GTPase domain, ankyrin repeat and PH domain 4","HGNC:23459","10q11.22"
"CTD-3222D19.2","Unmatched","","","",""
"C19orf55","Previous symbol","PROSER3","proline and serine rich 3","HGNC:25204","19q13.12"
"DARC","Previous symbol","ACKR1","atypical chemokine receptor 1 (Duffy blood group)","HGNC:4035","1q23.2"
"RP11-20I23.1","Unmatched","","","",""
"ACPL2","Previous symbol","PXYLP1","2-phosphoxylose phosphatase 1","HGNC:26303","3q23"
"LPPR5","Alias symbol","PLPPR5","phospholipid phosphatase related 5","HGNC:31703","1p21.3"
"C1orf63","Previous symbol","RSRP1","arginine and serine rich protein 1","HGNC:25234","1p36.11"
"CCDC11","Previous symbol","CFAP53","cilia and flagella associated protein 53","HGNC:26530","18q21.1"
"RP11-1084J3.4","Unmatched","","","",""
"C5orf54","Previous symbol","ZBED8","zinc finger BED-type containing 8","HGNC:30804","5q33.3"
"EFCAB4A","Previous symbol","CRACR2B","calcium release activated channel regulator 2B","HGNC:28703","11p15.5"
"IFLTD1","Previous symbol","LMNTD1","lamin tail domain containing 1","HGNC:26683","12p12.1"
"AC002472.13","Unmatched","","","",""
"DKFZP761J1410","Unmatched","","","",""
"C10orf129","Previous symbol","ACSM6","acyl-CoA synthetase medium chain family member 6","HGNC:31665","10q23.33"
"PET112","Previous symbol","GATB","glutamyl-tRNA amidotransferase subunit B","HGNC:8849","4q31.3"
"RP11-793H13.10","Unmatched","","","",""
"ZNF259","Previous symbol","ZPR1","ZPR1 zinc finger","HGNC:13051","11q23.3"
"C8orf47","Previous symbol","ERICH5","glutamate rich 5","HGNC:26823","8q22.2"
"NSG2","Approved symbol","NSG2","neuronal vesicle trafficking associated 2","HGNC:24955","5q35.2"
"RP11-108K14.8","Unmatched","","","",""
"MTERFD2","Previous symbol","MTERF4","mitochondrial transcription termination factor 4","HGNC:28785","2q37.3"
"RP11-723O4.6","Unmatched","","","",""
"EIF2S3L","Unmatched","","","",""
"RP11-468E2.4","Unmatched","","","",""
"C1orf51","Previous symbol","CIART","circadian associated repressor of transcription","HGNC:25200","1q21.2"
"LPPR1","Alias symbol","PLPPR1","phospholipid phosphatase related 1","HGNC:25993","9q31.1"
"RP4-583P15.15","Unmatched","","","",""
"C1orf170","Previous symbol","PERM1","PPARGC1 and ESRR induced regulator, muscle 1","HGNC:28208","1p36.33"
"MTERFD1","Previous symbol","MTERF3","mitochondrial transcription termination factor 3","HGNC:24258","8q22.1"
"MTERFD3","Previous symbol","MTERF2","mitochondrial transcription termination factor 2","HGNC:30779","12q23.3"
"RP11-762I7.5","Unmatched","","","",""
"RP11-1407O15.2","Unmatched","","","",""
"RTDR1","Previous symbol","RSPH14","radial spoke head 14 homolog","HGNC:13437","22q11.22-q11.23"
"RP3-369A17.5","Unmatched","","","",""
"MKI67IP","Previous symbol","NIFK","nucleolar protein interacting with the FHA domain of MKI67","HGNC:17838","2q14.3"
"RP11-724O16.1","Unmatched","","","",""
"CSNK2B-LY6G5B-1181","Unmatched","","","",""
"MEGT1","Alias symbol","LY6G6F-LY6G6D","LY6G6F-LY6G6D readthrough","HGNC:38821","6p21.33"
"MEGT1","Alias symbol","LY6G6D","lymphocyte antigen 6 family member G6D","HGNC:13935","6p21.33"
"RP11-295K3.1","Unmatched","","","",""
"AC073343.1","Unmatched","","","",""
"AC138647.1","Unmatched","","","",""
"C22orf43","Previous symbol","DRICH1","aspartate rich 1","HGNC:28031","22q11.23"
"CTD-2368P22.1","Unmatched","","","",""
"TMEM66","Previous symbol","SARAF","store-operated calcium entry associated regulatory factor","HGNC:28789","8p12"
"AC087645.1","Unmatched","","","",""
"RP11-685N3.1","Unmatched","","","",""
"AC012414.1","Unmatched","","","",""
"AC136604.1","Unmatched","","","",""
"ANXA8L2","Previous symbol","ANXA8L1","annexin A8 like 1","HGNC:23334","10q11.22"
"C15orf60","Previous symbol","REC114","REC114 meiotic recombination protein","HGNC:25065","15q24.1"
"C4orf40","Previous symbol","PRR27","proline rich 27","HGNC:33193","4q13.3"
"MST4","Alias symbol","STK26","serine/threonine kinase 26","HGNC:18174","Xq26.2"
"NSG1","Approved symbol","NSG1","neuronal vesicle trafficking associated 1","HGNC:18790","4p16.3"
"RP11-385D13.1","Unmatched","","","",""
"RP11-697E2.6","Unmatched","","","",""
"AC011997.1","Unmatched","","","",""
"AC018755.1","Unmatched","","","",""
"AC074212.3","Unmatched","","","",""
"AL133481.1","Unmatched","","","",""
"AL354898.1","Unmatched","","","",""
"CTD-2144E22.5","Unmatched","","","",""
"CTD-2545M3.6","Unmatched","","","",""
"FLJ27365","Unmatched","","","",""
"RP11-321N4.5","Unmatched","","","",""
"SELRC1","Previous symbol","COA7","cytochrome c oxidase assembly factor 7","HGNC:25716","1p32.3"
"SELV","Alias symbol","SELENOV","selenoprotein V","HGNC:30399","19q13.2"
"C12orf52","Previous symbol","RITA1","RBPJ interacting and tubulin associated 1","HGNC:25925","12q24.13"
"RP11-166B2.1","Unmatched","","","",""
"RP11-480I12.4","Unmatched","","","",""
"AC012123.1","Unmatched","","","",""
"MLF1IP","Previous symbol","CENPU","centromere protein U","HGNC:21348","4q35.1"
"SGK494","Alias symbol","RSKR","ribosomal protein S6 kinase related","HGNC:26314","17q11.2"
"CCDC104","Previous symbol","CFAP36","cilia and flagella associated protein 36","HGNC:30540","2p16.1"
"FLJ30594","Alias symbol","SILC1","sciatic injury induced lincRNA upregulator of SOX11","HGNC:26403","2p25.2"
"RP11-565P22.6","Unmatched","","","",""
"AGAP7","Previous symbol","AGAP7P","ArfGAP with GTPase domain, ankyrin repeat and PH domain 7, pseudogene","HGNC:23465","10q11.22"
"AL603965.1","Unmatched","","","",""
"C9orf169","Previous symbol","CYSRT1","cysteine rich tail 1","HGNC:30529","9q34.3"
"CTD-2192J16.24","Unmatched","","","",""
"FAM105B","Previous symbol","OTULIN","OTU deubiquitinase with linear linkage specificity","HGNC:25118","5p15.2"
"GLTPD1","Previous symbol","CPTP","ceramide-1-phosphate transfer protein","HGNC:28116","1p36.33"
"RP11-542P2.1","Unmatched","","","",""
"RP11-553A10.1","Unmatched","","","",""
"RP11-872D17.8","Unmatched","","","",""
"NAPRT1","Previous symbol","NAPRT","nicotinate phosphoribosyltransferase","HGNC:30450","8q24.3"
"RP1-170O19.20","Unmatched","","","",""
"RP11-507M3.1","Unmatched","","","",""
"RP11-683L23.1","Unmatched","","","",""
"RP11-89N17.1","Unmatched","","","",""
"AP000350.4","Unmatched","","","",""
"AP000679.2","Unmatched","","","",""
"C3orf72","Previous symbol","FOXL2NB","FOXL2 neighbor","HGNC:34428","3q22.3"
"RP11-62N21.1","Unmatched","","","",""
"C12orf68","Previous symbol","CCDC184","coiled-coil domain containing 184","HGNC:33749","12q13.11"
"FAM211B","Previous symbol","LRRC75B","leucine rich repeat containing 75B","HGNC:33155","22q11.23"
"RP11-410N8.4","Unmatched","","","",""
"RP11-503N18.3","Unmatched","","","",""
"RP11-599B13.6","Unmatched","","","",""
"AC016251.1","Unmatched","","","",""
"AC021218.2","Unmatched","","","",""
"AC109829.1","Unmatched","","","",""
"AC127496.1","Unmatched","","","",""
"AL445989.1","Unmatched","","","",""
"AP000275.65","Unmatched","","","",""
"C12orf44","Previous symbol","ATG101","autophagy related 101","HGNC:25679","12q13.13"
"C5orf20","Previous symbol","DCANP1","dendritic cell associated nuclear protein","HGNC:24459","5q31.1"
"RP11-6L6.2","Unmatched","","","",""
"AC022498.1","Unmatched","","","",""
"AC079612.1","Unmatched","","","",""
"AL021546.6","Unmatched","","","",""
"DDC8","Alias symbol","CEP295NL","CEP295 N-terminal like","HGNC:44659","17q25.3"
"DKFZP547L112","Unmatched","","","",""
"KIAA1737","Previous symbol","CIPC","CLOCK interacting pacemaker","HGNC:20365","14q24.3"
"PRR24","Previous symbol","INAFM1","InaF motif containing 1","HGNC:27406","19q13.32"
"RP11-389E17.1","Unmatched","","","",""
"AC007431.1","Unmatched","","","",""
"FAM211A","Previous symbol","LRRC75A","leucine rich repeat containing 75A","HGNC:32403","17p11.2"
"NKG2-E","Alias symbol","KLRC3","killer cell lectin like receptor C3","HGNC:6376","12p13.2"
"RP11-156P1.2","Unmatched","","","",""
"RP11-178L8.4","Unmatched","","","",""
"RP11-287D1.3","Unmatched","","","",""
"RP11-468E2.6","Unmatched","","","",""
"AC024592.12","Unmatched","","","",""
"AL355390.1","Unmatched","","","",""
"C17orf72","Previous symbol","PRR29","proline rich 29","HGNC:25673","17q23.3"
"CTD-2600O9.1","Unmatched","","","",""
"CXorf48","Previous symbol","CT55","cancer/testis antigen 55","HGNC:26047","Xq26.3"
"DKFZP434O1614","Unmatched","","","",""
"FAM203A","Previous symbol","HGH1","HGH1 homolog","HGNC:24161","8q24.3"
"hsa-mir-1199","Alias symbol","MIR1199","microRNA 1199","HGNC:50081","19p13.12"
"HTR5A-AS1","Approved symbol","HTR5A-AS1","HTR5A antisense RNA 1","HGNC:48956","7q36.2"
"MRC1L1","Previous symbol","MRC1","mannose receptor C-type 1","HGNC:7228","10p12.33"
"RP11-343C2.12","Unmatched","","","",""
"RP11-467N20.5","Unmatched","","","",""
"RP11-474G23.1","Unmatched","","","",""
"RP11-73M18.2","Unmatched","","","",""
"AC096582.1","Unmatched","","","",""
"AL359195.1","Unmatched","","","",""
"AL450307.1","Unmatched","","","",""
"AL590867.1","Unmatched","","","",""
"AP001055.1","Unmatched","","","",""
"C19orf77","Previous symbol","SMIM24","small integral membrane protein 24","HGNC:37244","19p13.3"
"CH17-132F21.1","Unmatched","","","",""
"CTC-512J12.6","Unmatched","","","",""
"FAM21B","Previous symbol","WASHC2A","WASH complex subunit 2A","HGNC:23416","10q11.23"
"HDGFRP3","Alias symbol","HDGFL3","HDGF like 3","HGNC:24937","15q25.2"
"PLAC1L","Previous symbol","OOSP2","oocyte secreted protein 2","HGNC:26699","11q12.1"
"RAB7L1","Previous symbol","RAB29","RAB29, member RAS oncogene family","HGNC:9789","1q32.1"
"RP11-10J21.3","Unmatched","","","",""
"RP11-520P18.5","Unmatched","","","",""
"SF3B14","Unmatched","","","",""
"TSRM","Unmatched","","","",""
"ZHX1-C8ORF76","Approved symbol","ZHX1-C8orf76","ZHX1-C8orf76 readthrough","HGNC:42975","8q24.13"
"AC009365.3","Unmatched","","","",""
"AC020907.1","Unmatched","","","",""
"AC021860.1","Unmatched","","","",""
"AL669831.1","Unmatched","","","",""
"AP001631.10","Unmatched","","","",""
"C12orf61","Previous symbol","LINC01465","long intergenic non-protein coding RNA 1465","HGNC:26364","12q14.1"
"CTB-167G5.5","Unmatched","","","",""
"CTD-2192J16.22","Unmatched","","","",""
"RP11-113D6.6","Unmatched","","","",""
"RP11-160N1.10","Unmatched","","","",""
"RP11-201K10.3","Unmatched","","","",""
"RP11-433C9.2","Unmatched","","","",""
"RP11-812E19.9","Unmatched","","","",""
"RP4-576H24.4","Unmatched","","","",""
"SEP15","Alias symbol","SELENOF","selenoprotein F","HGNC:17705","1p22.3"
"U82695.9","Unmatched","","","",""
"AC007040.11","Unmatched","","","",""
"AC011294.3","Unmatched","","","",""
"AC226150.4","Unmatched","","","",""
"AL033381.1","Unmatched","","","",""
"C11orf83","Previous symbol","UQCC3","ubiquinol-cytochrome c reductase complex assembly factor 3","HGNC:34399","11q12.3"
"C9orf37","Previous symbol","ARRDC1-AS1","ARRDC1 antisense RNA 1","HGNC:23395","9q34.3"
"CTC-273B12.7","Unmatched","","","",""
"CTD-3148I10.1","Unmatched","","","",""
"CXorf27","Previous symbol","H2AP","H2A.P histone","HGNC:18417","Xp11.4"
"RP11-113D6.10","Unmatched","","","",""
"RP11-1212A22.4","Unmatched","","","",""
"RP11-455G16.1","Unmatched","","","",""
"RP11-477N12.3","Unmatched","","","",""
"RP11-770J1.4","Unmatched","","","",""
"AC092850.1","Unmatched","","","",""
"AC112715.2","Unmatched","","","",""
"AF196779.12","Unmatched","","","",""
"AP000322.53","Unmatched","","","",""
"C11orf34","Previous symbol","PLET1","placenta expressed transcript 1","HGNC:30053","11q23.1"
"C14orf164","Previous symbol","RNF212B","ring finger protein 212B","HGNC:20438","14q11.2"
"DKFZP667F0711","Unmatched","","","",""
"GSTT1","Approved symbol","GSTT1","glutathione S-transferase theta 1","HGNC:4641","22q11.23 alternate reference locus"
"LL22NC03-75H12.2","Unmatched","","","",""
"NBPF16","Previous symbol","NBPF15","NBPF member 15","HGNC:28791","1q21.1"
"RP11-156E8.1","Unmatched","","","",""
"RP11-180C1.1","Unmatched","","","",""
"RP11-219A15.1","Unmatched","","","",""
"RP11-458D21.5","Unmatched","","","",""
"RPA3-AS1","Previous symbol","UMAD1","UBAP1-MVB12-associated (UMA) domain containing 1","HGNC:48955","7p21.3"
"RPS17L","Previous symbol","RPS17","ribosomal protein S17","HGNC:10397","15q25.2"
"SELK","Alias symbol","SELENOK","selenoprotein K","HGNC:30394","3p21.1"
"AC004899.1","Unmatched","","","",""
"AC016757.3","Unmatched","","","",""
"AC025287.1","Unmatched","","","",""
"AC096677.1","Unmatched","","","",""
"AL109659.1","Unmatched","","","",""
"AL390778.1","Unmatched","","","",""
"C12orf39","Previous symbol","SPX","spexin hormone","HGNC:28139","12p12.1"
"C13orf35","Previous symbol","ATP11AUN","ATP11A upstream neighbor lncRNA","HGNC:33793","13q34"
"C19orf69","Previous symbol","ERICH4","glutamate rich 4","HGNC:34497","19q13.2"
"C2ORF15","Approved symbol","C2orf15","chromosome 2 open reading frame 15","HGNC:28436","2q11.2"
"C3orf55","Previous symbol","SLC66A1L","solute carrier family 66 member 1 like","HGNC:25146","3q25.32"
"CTD-2203A3.1","Unmatched","","","",""
"CTD-2369P2.10","Unmatched","","","",""
"CYP4F31P","Approved symbol","CYP4F31P","cytochrome P450 family 4 subfamily F member 31, pseudogene","HGNC:39955","2q21.1"
"RP11-332O19.5","Unmatched","","","",""
"RP11-444E17.6","Unmatched","","","",""
"RP11-849H4.2","Unmatched","","","",""
"AC007405.2","Unmatched","","","",""
"AC018816.3","Unmatched","","","",""
"AC019294.1","Unmatched","","","",""
"AC074091.13","Unmatched","","","",""
"AC091801.1","Unmatched","","","",""
"AC104534.3","Unmatched","","","",""
"AL358813.2","Unmatched","","","",""
"AP000783.1","Unmatched","","","",""
"C16orf80","Previous symbol","CFAP20","cilia and flagella associated protein 20","HGNC:29523","16q21"
"C22orf26","Previous symbol","PRR34","PRR34 long non-coding RNA","HGNC:25606","22q13.31"
"C3orf83","Previous symbol","MKRN2OS","MKRN2 opposite strand","HGNC:40375","3p25.2"
"CTB-133G6.1","Unmatched","","","",""
"CTD-2192J16.20","Unmatched","","","",""
"DKFZP779J2370","Unmatched","","","",""
"NBPF24","Previous symbol","NBPF11","NBPF member 11","HGNC:31993","1q21.2"
"RABL5","Previous symbol","IFT22","intraflagellar transport 22","HGNC:21895","7q22.1"
"RP1-241P17.4","Unmatched","","","",""
"RP11-1396O13.13","Unmatched","","","",""
"RP11-204N11.1","Unmatched","","","",""
"RP11-231C14.4","Unmatched","","","",""
"RP11-347C12.1","Unmatched","","","",""
"RP11-399J13.3","Unmatched","","","",""
"RP11-514P8.7","Unmatched","","","",""
"RP11-849F2.7","Unmatched","","","",""
"AC002985.3","Unmatched","","","",""
"AC006538.4","Unmatched","","","",""
"AC008132.13","Unmatched","","","",""
"AC008394.1","Unmatched","","","",""
"AC104057.1","Unmatched","","","",""
"AC104794.4","Unmatched","","","",""
"AL136531.1","Unmatched","","","",""
"AP000322.54","Unmatched","","","",""
"AP000769.1","Unmatched","","","",""
"C19orf59","Previous symbol","MCEMP1","mast cell expressed membrane protein 1","HGNC:27291","19p13.2"
"C1orf227","Previous symbol","SPATA45","spermatogenesis associated 45","HGNC:33709","1q32.3"
"C5orf48","Previous symbol","TEX43","testis expressed 43","HGNC:33767","5q23.2"
"CTC-398G3.6","Unmatched","","","",""
"CTC-786C10.1","Unmatched","","","",""
"CXorf61","Previous symbol","CT83","cancer/testis antigen 83","HGNC:33494","Xq23"
"FKSG63","Unmatched","","","",""
"IL8","Previous symbol","CXCL8","C-X-C motif chemokine ligand 8","HGNC:6025","4q13.3"
"KB-1980E6.3","Unmatched","","","",""
"LSMD1","Previous symbol","NAA38","N-alpha-acetyltransferase 38, NatC auxiliary subunit","HGNC:28212","17p13.1"
"RP11-111M22.2","Unmatched","","","",""
"RP11-268J15.5","Unmatched","","","",""
"RP11-322L20.1","Unmatched","","","",""
"RP11-463D19.2","Unmatched","","","",""
"RP11-500M8.7","Unmatched","","","",""
"RP11-58C22.1","Unmatched","","","",""
"RP11-865B13.1","Unmatched","","","",""
"RP13-996F3.5","Unmatched","","","",""
"RP3-422G23.4","Unmatched","","","",""
"SELT","Alias symbol","SELENOT","selenoprotein T","HGNC:18136","3q25.1"
"AC005008.2","Unmatched","","","",""
"AC006372.1","Unmatched","","","",""
"AC097381.1","Unmatched","","","",""
"AD000671.6","Unmatched","","","",""
"AL591684.1","Unmatched","","","",""
"AP000708.1","Unmatched","","","",""
"AP000867.1","Unmatched","","","",""
"AP001024.2","Unmatched","","","",""
"AP003068.23","Unmatched","","","",""
"C17orf103","Previous symbol","NATD1","N-acetyltransferase domain containing 1","HGNC:30770","17p11.2"
"C1ORF220","Approved symbol","C1orf220","chromosome 1 putative open reading frame 220","HGNC:33805","1q25.2"
"C20orf201","Previous symbol","LKAAEAR1","LKAAEAR motif containing 1","HGNC:33718","20q13.33"
"C7orf41","Previous symbol","MTURN","maturin, neural progenitor differentiation regulator homolog","HGNC:25457","7p14.3"
"CTC-260F20.3","Unmatched","","","",""
"CTC-534A2.2","Alias symbol","SHLD3","shieldin complex subunit 3","HGNC:53826","5q12.3"
"CTD-2049J23.3","Unmatched","","","",""
"CTD-2278I10.6","Unmatched","","","",""
"FLJ14816","Alias symbol","LINC01101","long intergenic non-protein coding RNA 1101","HGNC:25923","2q14.2"
"KM-PA-2","Unmatched","","","",""
"MRP63","Previous symbol","MRPL57","mitochondrial ribosomal protein L57","HGNC:14514","13q12.11"
"RP11-1070N10.3","Unmatched","","","",""
"RP11-162P23.2","Unmatched","","","",""
"RP11-212D19.4","Unmatched","","","",""
"RP11-247C2.2","Unmatched","","","",""
"RP11-257K9.8","Unmatched","","","",""
"RP11-298I3.5","Unmatched","","","",""
"RP11-383H13.1","Unmatched","","","",""
"RP11-451M19.3","Unmatched","","","",""
"RP11-794P6.2","Unmatched","","","",""
"RP11-830F9.6","Unmatched","","","",""
"AC007557.1","Unmatched","","","",""
"AC011239.1","Unmatched","","","",""
"AF165138.7","Unmatched","","","",""
"AL121761.2","Unmatched","","","",""
"AL355531.2","Unmatched","","","",""
"C12orf23","Previous symbol","TMEM263","transmembrane protein 263","HGNC:28281","12q23.3"
"C8orf56","Previous symbol","BAALC-AS2","BAALC antisense RNA 2","HGNC:28595","8q22.3"
"CTA-299D3.8","Unmatched","","","",""
"CTB-78H18.1","Unmatched","","","",""
"CTD-2021H9.3","Unmatched","","","",""
"CTD-2117L12.1","Unmatched","","","",""
"IFRG15","Alias symbol","TOR1AIP2","torsin 1A interacting protein 2","HGNC:24055","1q25.2"
"KB-1507C5.2","Unmatched","","","",""
"PP13004","Unmatched","","","",""
"RP1-139D8.6","Unmatched","","","",""
"RP11-122A3.2","Unmatched","","","",""
"RP11-366L20.2","Alias symbol","HMGA2-AS1","HMGA2 antisense RNA 1","HGNC:53973","12q14.3"
"RP11-47I22.4","Unmatched","","","",""
"RP11-552I14.1","Unmatched","","","",""
"RP11-817J15.3","Unmatched","","","",""
"RP11-89K11.1","Unmatched","","","",""
"RP5-1052I5.2","Unmatched","","","",""
"AC013449.1","Unmatched","","","",""
"AC068533.7","Unmatched","","","",""
"AC090616.2","Unmatched","","","",""
"AC102948.2","Unmatched","","","",""
"AC112693.2","Unmatched","","","",""
"AC114783.1","Unmatched","","","",""
"AC131097.4","Unmatched","","","",""
"AC135983.2","Unmatched","","","",""
"AL133373.1","Unmatched","","","",""
"AL138764.1","Unmatched","","","",""
"AL359693.1","Unmatched","","","",""
"AL590483.1","Unmatched","","","",""
"AP001652.1","Unmatched","","","",""
"AP003774.4","Unmatched","","","",""
"AP006621.5","Unmatched","","","",""
"AREGB","Previous symbol","AREG","amphiregulin","HGNC:651","4q13.3"
"C13orf45","Previous symbol","LMO7DN","LMO7 downstream neighbor","HGNC:44370","13q22.2"
"C16orf98","Previous symbol","PYCARD-AS1","PYCARD antisense RNA 1","HGNC:45036","16p11.2"
"C5orf50","Previous symbol","SMIM23","small integral membrane protein 23","HGNC:34440","5q35.1"
"C9orf141","Previous symbol","LINC02692","long intergenic non-protein coding RNA 2692","HGNC:18147","9q34.3"
"CTC-349C3.1","Unmatched","","","",""
"CTC-360G5.1","Unmatched","","","",""
"CTD-2267D19.3","Unmatched","","","",""
"CTD-2616J11.4","Unmatched","","","",""
"CTD-3203P2.2","Unmatched","","","",""
"FKSG52","Unmatched","","","",""
"RP11-105C20.2","Unmatched","","","",""
"RP11-126K1.2","Unmatched","","","",""
"RP11-12J10.3","Unmatched","","","",""
"RP11-159G9.5","Unmatched","","","",""
"RP11-169F17.1","Alias symbol","LINC02864","long intergenic non-protein coding RNA 2864","HGNC:54480","18q22.3"
"RP11-211G3.3","Unmatched","","","",""
"RP11-352D3.2","Unmatched","","","",""
"RP11-595B24.2","Unmatched","","","",""
"RP11-597K23.2","Unmatched","","","",""
"RP11-758M4.1","Unmatched","","","",""
"RP11-998D10.1","Unmatched","","","",""
"AC003002.4","Unmatched","","","",""
"AC004076.9","Unmatched","","","",""
"AC016722.1","Unmatched","","","",""
"AC016885.1","Unmatched","","","",""
"AC074389.6","Unmatched","","","",""
"AC112721.1","Unmatched","","","",""
"AC138393.1","Unmatched","","","",""
"AC142381.1","Unmatched","","","",""
"AL031663.2","Unmatched","","","",""
"AL626787.1","Unmatched","","","",""
"C18orf56","Previous symbol","TYMSOS","TYMS opposite strand RNA","HGNC:29553","18p11.32"
"CTC-241N9.1","Unmatched","","","",""
"CTD-2054N24.2","Unmatched","","","",""
"FLJ00325","Unmatched","","","",""
"LL22NC03-63E9.3","Unmatched","","","",""
"RP1-127H14.3","Unmatched","","","",""
"RP11-101E3.5","Unmatched","","","",""
"RP11-127H5.1","Unmatched","","","",""
"RP11-162A12.2","Unmatched","","","",""
"RP11-1C1.5","Unmatched","","","",""
"RP11-272B17.2","Unmatched","","","",""
"RP11-297N6.4","Unmatched","","","",""
"RP11-321M21.3","Unmatched","","","",""
"RP11-362K2.2","Unmatched","","","",""
"RP11-51L5.7","Unmatched","","","",""
"RP11-738G5.2","Unmatched","","","",""
"AC003101.1","Unmatched","","","",""
"AC005841.1","Unmatched","","","",""
"AC006014.1","Unmatched","","","",""
"AC006435.1","Unmatched","","","",""
"AC007952.5","Unmatched","","","",""
"AC008271.1","Unmatched","","","",""
"AC008686.1","Unmatched","","","",""
"AC025278.1","Unmatched","","","",""
"AC026369.1","Unmatched","","","",""
"AC027763.2","Unmatched","","","",""
"AC069368.3","Unmatched","","","",""
"AC069547.1","Unmatched","","","",""
"AC092675.3","Unmatched","","","",""
"AC092687.4","Unmatched","","","",""
"AC131935.1","Unmatched","","","",""
"AC187652.1","Unmatched","","","",""
"AL009178.1","Unmatched","","","",""
"AL161915.1","Unmatched","","","",""
"AL354718.1","Unmatched","","","",""
"AL359878.1","Unmatched","","","",""
"AP005482.1","Unmatched","","","",""
"BX088651.1","Unmatched","","","",""
"C1orf222","Previous symbol","CFAP74","cilia and flagella associated protein 74","HGNC:29368","1p36.33"
"CTC-236F12.4","Unmatched","","","",""
"CTD-2410N18.5","Unmatched","","","",""
"CTD-2561J22.3","Unmatched","","","",""
"FAM203B","Previous symbol","HGH1","HGH1 homolog","HGNC:24161","8q24.3"
"GS1-259H13.10","Unmatched","","","",""
"HUG1","Unmatched","","","",""
"MGC4294","Alias symbol","LINC01711","long intergenic non-protein coding RNA 1711","HGNC:28663","20q13.32"
"RP1-228P16.5","Unmatched","","","",""
"RP11-182J1.16","Unmatched","","","",""
"RP11-242G20.1","Unmatched","","","",""
"RP11-248J23.6","Unmatched","","","",""
"RP11-315O6.2","Unmatched","","","",""
"RP11-324D17.1","Unmatched","","","",""
"RP11-408E5.4","Unmatched","","","",""
"RP11-429E11.3","Unmatched","","","",""
"RP11-661C8.3","Unmatched","","","",""
"RP11-690P14.4","Unmatched","","","",""
"RP11-796G6.2","Unmatched","","","",""
"RP11-867G23.8","Unmatched","","","",""
"WI2-3308P17.2","Unmatched","","","",""
"AC002310.13","Unmatched","","","",""
"AC002365.1","Unmatched","","","",""
"AC004817.1","Unmatched","","","",""
"AC006946.15","Unmatched","","","",""
"AC007461.1","Unmatched","","","",""
"AC008060.7","Unmatched","","","",""
"AC009403.2","Unmatched","","","",""
"AC017104.2","Unmatched","","","",""
"AC020952.1","Unmatched","","","",""
"AC093802.1","Unmatched","","","",""
"AC099552.4","Unmatched","","","",""
"AC138517.1","Unmatched","","","",""
"AC145676.2","Unmatched","","","",""
"AL158091.1","Unmatched","","","",""
"AL355149.2","Unmatched","","","",""
"AL590822.1","Unmatched","","","",""
"AP000350.10","Unmatched","","","",""
"AP000721.4","Unmatched","","","",""
"C9orf38","Entry withdrawn","C9orf38","","HGNC:23398",""
"CTC-326K19.6","Unmatched","","","",""
"CTC-554D6.1","Unmatched","","","",""
"CTD-2014B16.3","Unmatched","","","",""
"CTD-2105E13.6","Unmatched","","","",""
"CTD-2228K2.5","Unmatched","","","",""
"DKFZP779L1853","Unmatched","","","",""
"FKSG48","Unmatched","","","",""
"LA16c-431H6.6","Unmatched","","","",""
"REXO1L1","Previous symbol","REXO1L1P","REXO1 like 1, pseudogene","HGNC:24660","8q21.2"
"RP11-1055B8.6","Unmatched","","","",""
"RP11-1102P16.1","Unmatched","","","",""
"RP11-1105G2.3","Unmatched","","","",""
"RP11-116D17.1","Unmatched","","","",""
"RP11-147C23.1","Unmatched","","","",""
"RP11-17M16.1","Unmatched","","","",""
"RP11-295D22.1","Unmatched","","","",""
"RP11-297M9.1","Unmatched","","","",""
"RP11-382J12.1","Unmatched","","","",""
"RP11-45H22.3","Unmatched","","","",""
"RP11-521M14.2","Unmatched","","","",""
"RP11-536G4.1","Unmatched","","","",""
"RP11-706O15.1","Unmatched","","","",""
"RP11-712L6.5","Unmatched","","","",""
"RP11-831H9.11","Unmatched","","","",""
"AC005493.1","Unmatched","","","",""
"AC006967.1","Unmatched","","","",""
"AC009060.1","Unmatched","","","",""
"AC015660.1","Unmatched","","","",""
"AC016722.2","Unmatched","","","",""
"AC022431.2","Unmatched","","","",""
"AC023469.1","Unmatched","","","",""
"AC079602.1","Unmatched","","","",""
"AC090574.1","Unmatched","","","",""
"AC106876.2","Unmatched","","","",""
"AC107021.1","Unmatched","","","",""
"AC132186.1","Unmatched","","","",""
"AE000662.92","Unmatched","","","",""
"AL050302.1","Unmatched","","","",""
"AL117190.2","Unmatched","","","",""
"AL117190.3","Unmatched","","","",""
"AL138815.1","Unmatched","","","",""
"AL138815.2","Unmatched","","","",""
"AL359091.2","Unmatched","","","",""
"AL592284.1","Unmatched","","","",""
"AL953854.2","Unmatched","","","",""
"AP001816.1","Unmatched","","","",""
"C15orf38","Previous symbol","ARPIN","actin related protein 2/3 complex inhibitor","HGNC:28782","15q26.1"
"C19orf82","Previous symbol","ZNF561-AS1","ZNF561 antisense RNA 1 (head to head)","HGNC:27613","19p13.2"
"C6ORF50","Entry withdrawn","C6orf50","","HGNC:20481",""
"CTB-186H2.3","Unmatched","","","",""
"CTD-2545G14.7","Unmatched","","","",""
"CTD-2547L24.3","Unmatched","","","",""
"CYorf17","Previous symbol","PRORY","proline rich Y-linked","HGNC:38732","Yq11.223"
"DKFZP434H0512","Unmatched","","","",""
"FKSG68","Unmatched","","","",""
"PNMA6C","Previous symbol","PNMA6A","PNMA family member 6A","HGNC:28248","Xq28"
"RP1-317E23.6","Unmatched","","","",""
"RP1-32I10.10","Unmatched","","","",""
"RP11-10A14.4","Unmatched","","","",""
"RP11-144F15.1","Unmatched","","","",""
"RP11-15E18.4","Unmatched","","","",""
"RP11-181C3.1","Unmatched","","","",""
"RP11-215A19.2","Unmatched","","","",""
"RP11-321F6.1","Unmatched","","","",""
"RP11-386G21.1","Unmatched","","","",""
"RP11-386G21.2","Unmatched","","","",""
"RP11-404L6.2","Unmatched","","","",""
"RP11-422N16.3","Unmatched","","","",""
"RP11-47I22.3","Unmatched","","","",""
"RP11-514O12.4","Unmatched","","","",""
"RP11-585F1.10","Unmatched","","","",""
"RP11-644F5.10","Unmatched","","","",""
"RP11-65D24.2","Unmatched","","","",""
"RP11-664D7.4","Unmatched","","","",""
"RP11-67H2.1","Unmatched","","","",""
"RP11-723G8.2","Unmatched","","","",""
"RP11-763F8.1","Unmatched","","","",""
"RP11-81K2.1","Unmatched","","","",""
"RP11-863K10.7","Unmatched","","","",""
"RP11-93B14.6","Unmatched","","","",""
"RP11-986E7.7","Unmatched","","","",""
"RP11-9B6.1","Unmatched","","","",""
"RP13-279N23.2","Unmatched","","","",""
"RP5-850E9.3","Unmatched","","","",""
"AC002472.1","Unmatched","","","",""
"AC007390.5","Unmatched","","","",""
"AC008948.1","Unmatched","","","",""
"AC012493.2","Unmatched","","","",""
"AC027309.1","Unmatched","","","",""
"AC061975.10","Unmatched","","","",""
"AC073528.1","Unmatched","","","",""
"AC087477.1","Unmatched","","","",""
"AC091948.1","Unmatched","","","",""
"AC108868.1","Unmatched","","","",""
"AC110619.2","Unmatched","","","",""
"AC124890.1","Unmatched","","","",""
"AC132216.1","Unmatched","","","",""
"AC135178.1","Unmatched","","","",""
"AC139100.2","Unmatched","","","",""
"AC139768.1","Unmatched","","","",""
"AC140061.12","Unmatched","","","",""
"AC140481.2","Unmatched","","","",""
"AL049747.1","Unmatched","","","",""
"AL132989.1","Unmatched","","","",""
"AL354808.2","Unmatched","","","",""
"AP000304.12","Unmatched","","","",""
"AP001024.1","Unmatched","","","",""
"CTB-134H23.2","Unmatched","","","",""
"CTB-50L17.14","Unmatched","","","",""
"CTB-58E17.5","Unmatched","","","",""
"CTD-2207O23.12","Unmatched","","","",""
"CTD-2210P24.4","Unmatched","","","",""
"CTD-2215E18.1","Unmatched","","","",""
"CTD-2330K9.3","Unmatched","","","",""
"CTD-2535L24.2","Unmatched","","","",""
"CTD-3148I10.9","Unmatched","","","",""
"FLJ45079","Unmatched","","","",""
"PRAMEF21","Previous symbol","PRAMEF20","PRAME family member 20","HGNC:25224","1p36.21"
"RP1-27O5.3","Unmatched","","","",""
"RP1-66C13.4","Unmatched","","","",""
"RP11-1035H13.3","Unmatched","","","",""
"RP11-1118M6.1","Unmatched","","","",""
"RP11-1167A19.2","Unmatched","","","",""
"RP11-131H24.4","Unmatched","","","",""
"RP11-145E5.5","Unmatched","","","",""
"RP11-171N4.2","Unmatched","","","",""
"RP11-210M15.2","Unmatched","","","",""
"RP11-276H1.3","Unmatched","","","",""
"RP11-41O4.1","Unmatched","","","",""
"RP11-434D12.1","Unmatched","","","",""
"RP11-446E24.4","Unmatched","","","",""
"RP11-447L10.1","Unmatched","","","",""
"RP11-463J10.2","Unmatched","","","",""
"RP11-481A20.11","Unmatched","","","",""
"RP11-487E13.1","Unmatched","","","",""
"RP11-508N12.4","Unmatched","","","",""
"RP11-552F3.12","Unmatched","","","",""
"RP11-637O19.3","Unmatched","","","",""
"RP11-761B3.1","Unmatched","","","",""
"RP11-80A15.1","Unmatched","","","",""
"RP11-934B9.3","Unmatched","","","",""
"RP11-944C7.1","Unmatched","","","",""
"RP11-94B19.4","Unmatched","","","",""
"RP3-468K18.5","Unmatched","","","",""
"RP4-583P15.14","Unmatched","","","",""
"AC004076.7","Unmatched","","","",""
"AC005481.5","Unmatched","","","",""
"AC005488.1","Unmatched","","","",""
"AC006126.3","Unmatched","","","",""
"AC006132.1","Unmatched","","","",""
"AC008267.1","Unmatched","","","",""
"AC008387.1","Unmatched","","","",""
"AC009802.1","Unmatched","","","",""
"AC009892.10","Alias symbol","LILRB1-AS1","LILRB1 antisense RNA 1","HGNC:53114","19q13.42"
"AC010642.1","Unmatched","","","",""
"AC011366.3","Unmatched","","","",""
"AC012360.1","Unmatched","","","",""
"AC013469.1","Unmatched","","","",""
"AC023590.1","Unmatched","","","",""
"AC024257.1","Unmatched","","","",""
"AC055736.1","Unmatched","","","",""
"AC062017.1","Unmatched","","","",""
"AC064874.1","Unmatched","","","",""
"AC104472.1","Unmatched","","","",""
"AC104532.2","Unmatched","","","",""
"AC111200.1","Unmatched","","","",""
"AC138969.4","Unmatched","","","",""
"AL133318.1","Unmatched","","","",""
"AL353698.1","Unmatched","","","",""
"AL355490.1","Unmatched","","","",""
"AL356215.1","Unmatched","","","",""
"AL360181.1","Unmatched","","","",""
"AL590560.1","Unmatched","","","",""
"AL591479.1","Unmatched","","","",""
"AL645608.2","Unmatched","","","",""
"AL645922.1","Unmatched","","","",""
"AP001421.1","Unmatched","","","",""
"AP001925.1","Unmatched","","","",""
"AP003068.6","Unmatched","","","",""
"CTC-479C5.12","Unmatched","","","",""
"CTC-490E21.12","Unmatched","","","",""
"CTD-2521M24.10","Unmatched","","","",""
"CTD-2528L19.4","Unmatched","","","",""
"CTD-3214H19.16","Unmatched","","","",""
"FKSG62","Unmatched","","","",""
"L34079.2","Unmatched","","","",""
"LRLE1","Unmatched","","","",""
"PAXIP1-AS2","Approved symbol","PAXIP1-AS2","PAXIP1 antisense RNA 2","HGNC:48958","7q36.2"
"RP11-1026M7.2","Unmatched","","","",""
"RP11-1085N6.3","Unmatched","","","",""
"RP11-125O5.2","Unmatched","","","",""
"RP11-139J15.7","Unmatched","","","",""
"RP11-146D12.2","Unmatched","","","",""
"RP11-166N6.3","Unmatched","","","",""
"RP11-167N24.6","Unmatched","","","",""
"RP11-187E13.1","Unmatched","","","",""
"RP11-195B21.3","Unmatched","","","",""
"RP11-219B4.5","Unmatched","","","",""
"RP11-219B4.6","Unmatched","","","",""
"RP11-293I14.2","Unmatched","","","",""
"RP11-322E11.6","Unmatched","","","",""
"RP11-342M21.2","Unmatched","","","",""
"RP11-3B7.1","Unmatched","","","",""
"RP11-404P21.8","Unmatched","","","",""
"RP11-51F16.8","Unmatched","","","",""
"RP11-527L4.2","Unmatched","","","",""
"RP11-57H12.6","Unmatched","","","",""
"RP11-613M10.9","Unmatched","","","",""
"RP11-664I21.6","Unmatched","","","",""
"RP11-680G10.1","Unmatched","","","",""
"RP11-701P16.2","Unmatched","","","",""
"RP11-77K12.7","Unmatched","","","",""
"RP11-944L7.5","Unmatched","","","",""
"RP13-996F3.4","Unmatched","","","",""
"RP4-559A3.7","Unmatched","","","",""
"RP4-734P14.4","Unmatched","","","",""
"ZSCAN5D","Previous symbol","ZSCAN5DP","zinc finger and SCAN domain containing 5D pseudogene","HGNC:37706","19q13.43"
